------
N2BVDWBT  BVDWBT
./02 Posted/01 Sent/2021/Baeggu_N2BVDWBT (Rescript)/CORE_Scr_E_2111n_Baeggu_N2BVDWBT.xlsm
------
N2BFYWIN  BFYWIN
./02 Posted/01 Sent/2021/Bagheli_N2BFYWIN/CORE_Scr_E_2111t_Bagheli_N2BFYWIN.xlsm
------
N2ASGWBT  ASGWBT
./02 Posted/01 Sent/2021/Cishingini_N2ASGWBT/CORE_Scr_E_2111t_Cishingini_N2ASGWBT.xlsm
------
N2BGGWFW  BGGWFW
./02 Posted/01 Sent/2021/Bugun_N2BGGWFW/CORE_Scr_E_2111n_Bugun_N2BGGWFW.xlsm
------
N2ATIWBT  ATIWBT
./02 Posted/01 Sent/2021/Attie_N2ATIWBT/CORE_Scr_E_2111t_Attie_N2ATIWBT.xlsm
------
N2AYOETS  AYOETS
./02 Posted/01 Sent/2021/Ayoré_N2AYOETS (Rescript)/CORE_Scr_E_2111j_Ayoré_N2AYOETS.xlsm
------
N2GBPACA  GBPACA
./02 Posted/01 Sent/2021/Gbeya_N2GBPACA/CORE_Scr_E_2111s_Gbeya_N2GBPAC.xlsm
------
N2DNALAI  DNALAI
./02 Posted/01 Sent/2021/Dani, Upper Grand Valley_N2DNALAI/CORE_Scr_E_2111n_Dani, Upper Grand Valley_N2DNALAI.xlsm
------
N2GUHNTM  GUHNTM
./02 Posted/01 Sent/2021/Guahibo_N2GUHNTM/CORE_Scr_E_2111s_Guahibo_N2GUHNTM.xlsm
------
N2KSPACA  KSPACA
./02 Posted/01 Sent/2021/Kaba_N2KSPACA/CORE_Scr_E_2111s_Kaba_N2KSPACA.xlsm
------
N2HWCWYI  HWCWYI
./02 Posted/01 Sent/2021/Hawaii Pidgin_N2HWCWYI/CORE_Scr_E_2111n_Hawaii Pidgin_N2HWCWYI.xlsm
------
N2KFWWFW  KFWWFW
./02 Posted/01 Sent/2021/Kharam_N2KFWWFW/CORE_Scr_E_2111t_Kharam_N2KFWWFW.xlsm
------
N2NTKWYI  NTKWYI
./02 Posted/01 Sent/2021/Ikoma_N2NTKWYI/CORE_Scr_E_2111s_Ikoma_N2NTKWYI.xlsm
------
N2KJONLC  KJONLC
./02 Posted/01 Sent/2021/Kinnauri, Paharia_N2KJONLC/CORE_Scr_E_2111t_Kinnauri, Paharia_N2KJONLC.xlsm
------
N2SAQSIV  SAQSIV
./02 Posted/01 Sent/2021/Ilchamus_N2SAQSIV/CORE_Scr_E_2111n_Ilchamus_N2SAQSIV.xlsm
------
N2IMOTBL  IMOTBL
./02 Posted/01 Sent/2021/Imbongu_N2IMOTBL/CORE_Scr_E_2111t_Imbongu_N2IMOTBL.xlsm
------
N2KMWWYI  KMWWYI
./02 Posted/01 Sent/2021/Komo_N2KMWWYI/CORE_Scr_E_2111n_Komo_N2KMWWYI.xlsm
------
N2TEDWYI  TEDWYI
./02 Posted/01 Sent/2021/Kroumen, Tepo_N2TEDWYI/CORE_Scr_E_2111t_Kroumen Tepo_N2TEDWYI.xlsm
------
N2CULMNT  CULMNT
./02 Posted/01 Sent/2021/Kulina_N2CULMNT/CORE_Scr_E_2111t_Kulina_N2CULMNT.xlsm
------
N2MBUNBT  MBUNBT
./02 Posted/01 Sent/2021/Mbula_N2MBUNBT/CORE_Scr_E_2111n_Mbula_N2MBUNBT.xlsm
------
N2LEZIBT  LEZIBT
./02 Posted/01 Sent/2021/Lezgi_N2LEZIBT/CORE_Scr_E_2111t_Lezgi_N2LEZIBT.xlsm
./03 BB & GBA/02 Resources/01 BB & GBA Template/ZZZ Finalizing/Lezgi_N2LEZIBT (Finalized Example)/Lezgi_N2LEZIBT_Originals/Finalize/CORE_Scr_E_2111t_Lezgi_N2LEZIBT.xlsm
------
N2NDXLAI  NDXLAI
./02 Posted/01 Sent/2021/Nduga_N2NDXLAI/CORE_Scr_E_2111s_Nduga_N2NDXLA.xlsm
------
N2LIKWBT  LIKWBT
./02 Posted/01 Sent/2021/Lika_N2LIKWBT/CORE_Scr_E_2111n_Lika_N2LIKWBT.xlsm
------
O2MINLAI  MINLAI
./02 Posted/01 Sent/2021/Minangkabau_O2MINLAI/CORE_Scr_E_2111t_Minangkabau_O2MINLAI_Prov thru Mal.xlsm
./02 Posted/01 Sent/2021/Minangkabau_O2MINLAI/CORE_Scr_E_2111t_Minangkabau_O2MINLAI_1 Sam thru Psalms.xlsm
./02 Posted/01 Sent/2021/Minangkabau_O2MINLAI/CORE_Scr_E_2111t_Minangkabau_O2MINLAI_Gen thru Ruth.xlsm
------
N2MJCWBT  MJCWBT
./02 Posted/01 Sent/2021/Mixtec San Juan Colorado_N2MJCWBT/CORE_Scr_E_2111t_Mixtec San Juan Colorado_N2MJCWB.xlsm
------
N2MMYWYI  MMYWYI
./02 Posted/01 Sent/2021/Migaama, Centre_N2MMYWYI/CORE_Scr_E_2111t_Migaama, Centre_N2MMYWYI.xlsm
------
N2OMIWYI  OMIWYI
./02 Posted/01 Sent/2021/Omi_N2OMIWYI/CORE_Scr_E_2111n_Omi_N2OMIWYI.xlsm
------
N2SEVWYI  SEVWYI
./02 Posted/01 Sent/2021/Sénoufo, Nyarafolo_N2SEVWYI_v2/CORE_Scr_E_2111s_Senoufo, Nyarafolo_N2SEVWYI.xlsm
------
N2SSEWYI  SSEWYI
./02 Posted/01 Sent/2021/Sama, Bangingih_N2SSEWYI/CORE_Scr_E_2111s_Sama, Bangingih_N2SSEWYI.xlsm
------
N2PIOWYI  PIOWYI
./02 Posted/01 Sent/2021/Piapoco_N2PIOWYI/CORE_Scr_E_2111t_Piapoco_N2PIOWY.xlsm
------
N2CLAAIR  CLAAIR
./02 Posted/01 Sent/2021/Ron, Alis I_N2CLAAIR/CORE_Scr_E_2111t_Ron, Alis I_N2CLAAIR.xlsm
------
N2SUCWBT  SUCWBT
./02 Posted/01 Sent/2021/Subanon, Western_N2SUCWBTz_v2/CORE_Scr_E_2111s_Subanon, Western_N2SUCWBT.xlsm
./02 Posted/01 Sent/2021/Subanon, Western_N2SUCWBT/CORE_Scr_E_2111n_Subanon, Western_N2SUCWBT.xlsm
------
N2TGJWFW  TGJWFW
./02 Posted/01 Sent/2021/Tagin_N2TGJWFW/CORE_Scr_E_2111t_Tagin_N2TGJWFW.xlsm
------
N2NTPTBL  NTPTBL
./02 Posted/01 Sent/2021/Tepehuán del Norte_N2NTPTBL/CORE_Scr_E_2111v_Tepehuan del Norte_N2NTPTBL.xlsm
./02 Posted/01 Sent/2021/Tepehuán del Norte_N2NTPTBL/CORE_Scr_E_2111t_Tepehuan del Norte_N2NTPTBL.xlsm
------
N1VIEBIB  VIEBIB
./02 Posted/01 Sent/2021/Vessel Test Luke Scripts/Vietnamese_N1VIEBIB_Luke/CORE_Scr_E_2111t_Vietnamese_N1VIEBIB_Luke_sh.xlsm
./02 Posted/01 Sent/2021/Vessel Test Luke Scripts/Vietnamese_N1VIEBIB_Luke/CORE_Scr_E_2111t_Vietnamese_N1VIEBIB_Luke.xlsm
./02 Posted/01 Sent/2021/Vessel Test Luke Scripts/Vietnamese_N1VIEBIB_Luke/Nitro_39w_N1VIEBIB_Luke_DG108.xlsm
------
N2TMFLPY  TMFLPY
./02 Posted/01 Sent/2021/Toba Maskoy_N2TMFLPY/CORE_Scr_E_2111r_Toba Maskoy_N2TMFLPY.xlsm
./02 Posted/01 Sent/2021/Toba Maskoy_N2TMFLPY/CORE_Scr_E_2111n_Toba Maskoy_N2TMFLPY.xlsm
------
N2KDLTBL  KDLTBL
./02 Posted/01 Sent/2021/Tsikimba_N2KDLTBL/CORE_Scr_E_2111t_Tsikimba_N2KDLTBL.xlsm
------
N2UDGNLC  UDGNLC
./02 Posted/01 Sent/2019/Muduga_N2UDGNLC/~$Nitro_38Q_Muduga_N2UDGNLC_DG098.xlsm
------
O2ACEIBS  ACEIBS
./02 Posted/01 Sent/2022/Aceh_O2ACEIBS/CORE_Scr_E_2111v_Aceh_O2ACEIBS_1 Sam thru Psalms.xlsm
./02 Posted/01 Sent/2022/Aceh_O2ACEIBS/CORE_Scr_E_2111v_Aceh_O2ACEIBS_Prov thru Mal.xlsm
./02 Posted/01 Sent/2022/Aceh_O2ACEIBS/CORE_Scr_E_2111v_Aceh_O2ACEIBS_Gen thru Ruth.xlsm
------
N2BDVWFW  BDVWFW
./02 Posted/01 Sent/2022/Bodoporja_N2BDVWFW/CORE_Scr_E_2111v_Bodoporja_N2BDVWFW.xlsm
------
N2APYWBT  APYWBT
./02 Posted/01 Sent/2022/Apalai_N2APYWBT/CORE_Scr_E_2111t_Apalai_N2APYWBT.xlsm
------
N2FABSBE  FABSBE
./02 Posted/01 Sent/2022/Fa D'ambu_N2FABSBE/CORE_Scr_E_2111v_Fa D'ambu_N2FABSBE.xlsm
------
N2DSOWFW  DSOWFW
./02 Posted/01 Sent/2022/Desiya_N2DSOWFW/CORE_Scr_E_2111u_DESIYA_N2DSOWFW.xlsm
------
N2AAAMLT  AAAMLT
./02 Posted/01 Sent/2022/Ghotuo_N2AAAMLT/CORE_Scr_E_2111v_Ghotuo_N2AAAMLT.xlsm
------
N2EBKFSS  EBKFSS
./02 Posted/01 Sent/2022/Finallig_N2EBKFSS/CORE_Scr_E_2111v_Finallig_N2EBKFSS.xlsm
./02 Posted/01 Sent/2022/Finallig_N2EBKFSS/oldCORE_Scr_E_2111v_Finallig_N2EBKFSS - Copy.xlsm
------
N2DHDNLC  DHDNLC
./02 Posted/01 Sent/2022/Dhundari_N2DHDNLC (Rescript)/CORE_Scr_E_2111t_Dhundari_N2DHDNLC.xlsm
------
N2GVRWBT  GVRWBT
./02 Posted/01 Sent/2022/Gurung_N2GVRWBT/CORE_Scr_E_2111t_Gurung_N2GVRWBT.xlsm
------
N2HMTNTM  HMTNTM
./02 Posted/01 Sent/2022/Hamtai_N2HMTNTM/CORE_Scr_E_2111t_Hamtai_N2HMTNTM.xlsm
------
N2HOJIEM  HOJIEM
./02 Posted/01 Sent/2022/Hadothi_N2HOJIEM/CORE_Scr_E_2111t_Hadothi_N2HOJIEM.xlsm
------
N2KFXBIV  KFXBIV
./02 Posted/01 Sent/2022/Inner Seraji_N2KFXBIV/CORE_Scr_E_2111t_Inner Seraji_N2KFXBIV.xlsm
------
N2KFPWIN  KFPWIN
./02 Posted/01 Sent/2022/Korwa_N2KFPWIN/CORE_Scr_E_2111t_Korwa_N2KFPWIN.xlsm
------
N2KXVWFW  KXVWFW
./02 Posted/01 Sent/2022/Kuvi_N2KXVWFW/CORE_Scr_E_2111v_Kuvi_N2KXVWFW.xlsm
------
N2XDNPIT  XDNPIT
./02 Posted/01 Sent/2022/Kunda_N2XDNPIT/CORE_Scr_E_2111t_Kunda_N2XDNPIT.xlsm
------
N2MBTWBT  MBTWBT
./02 Posted/01 Sent/2022/Matigsalug_N2MBTWBT (Rescript for Vessel Test)/CORE_Scr_E_2111v_Matigsalug_N2MBTWBT.xlsm
------
N2SJMWBT  SJMWBT
./02 Posted/01 Sent/2022/Mapun_N2SJMWBT/CORE_Scr_E_2111v_Mapun_N2SJMWBT.xlsm
------
N2KDEPBT  KDEPBT
./02 Posted/01 Sent/2022/Makonde_N2KDEPBT/CORE_Scr_E_2111t_Makonde_N2KDEPBT.xlsm
------
N2UKWMLT  UKWMLT
./02 Posted/01 Sent/2022/Ndokwa_N2UKWMLT/CORE_Scr_E_2111v_Ndokwa_N2UKWMLT.xlsm
./02 Posted/01 Sent/2022/Ndokwa_N2UKWMLT (Rescript)/CORE_Scr_E_2111v_Ndokwa_N2UKWMLT_v2.xlsm
------
N2MTRNLC  MTRNLC
./02 Posted/01 Sent/2022/Mewari_N2MTRNLC/CORE_Scr_E_2111t_Mewari_N2MTRNLC.xlsm
------
N2MYUWBT  MYUWBT
./02 Posted/01 Sent/2022/Munduruku_N2MYUWBT/CORE_Scr_E_2111v_Munduruku_N2MYUWBT.xlsm
------
N2NIHWBT  NIHWBT
./02 Posted/01 Sent/2022/Nyiha, Tanzania_N2NIHWBT/CORE_Scr_E_2111t_Nyiha, Tanzania_N2NIHWB.xlsm
------
N2PLUWBT  PLUWBT
./02 Posted/01 Sent/2022/Palikur_N2PLUWBT/CORE_Scr_E_2111v_Palikur_N2PLUWBT.xlsm
------
N2SKXLAI  SKXLAI
./02 Posted/01 Sent/2022/Seko Padang_N2SKXLAI/CORE_Scr_E_2111v_Seko Padang_N2SKXLAI.xlsm
------
N2PIDIPI  PIDIPI
./02 Posted/01 Sent/2022/Piaroa_N2PIDIPI/CORE_Scr_E_2111t_Piaroa_N2PIDIPI.xlsm
./02 Posted/01 Sent/2022/Piaroa_N2PIDIPI (rescript)/CORE_Scr_E_2111v_Piaroa_N2PIDIPI_v2.xlsm
------
N2SYBTAP  SYBTAP
./02 Posted/01 Sent/2022/Subanen, Central_N2SYBTAP/CORE_Scr_E_2111v_Subanen, Central_N2SYBTAP.xlsm
./02 Posted/01 Sent/2022/Subanen, Central_N2SYBTAP/CORE_Scr_E_2111v_Subanen, Central (SV)_N2SYBTAP.xlsm
------
N2PUGANT  PUGANT
./02 Posted/01 Sent/2022/Puguli_N2PUGANT/CORE_Scr_E_2111v_Puguli_N2PUGANT.xlsm
------
N2SGJWIN  SGJWIN
./02 Posted/01 Sent/2022/Surgujia_N2SGJWIN/CORE_Scr_E_2111v_Surgujia_N2SGJWIN.xlsm
------
N2KLWLAI  KLWLAI
./02 Posted/01 Sent/2022/Tado (Lindu)_N2KLWLAI/CORE_Scr_E_2111v_Tado (Lindu)_N2KLWLAI.xlsm
------
N2VEPIBT  VEPIBT
./02 Posted/01 Sent/2022/Veps_N2VEPIBT/CORE_Scr_E_2111t_Veps_N2VEPIBT.xlsm
------
N2THRIEM  THRIEM
./02 Posted/01 Sent/2022/Tharu, Rana_N2THRIEM/CORE_Scr_E_2111v_Tharu, Rana_N2THRIEM.xlsm
------
N2WIBANT  WIBANT
./02 Posted/01 Sent/2022/Toussian, Southern_N2WIBANT/Toussian, Southern_N2WIBANT_CORE_Scr_E_2111v_DG113.xlsm
------
N2TODPBV  TODPBV
./02 Posted/01 Sent/2022/Toma_N2TODPBV/CORE_Scr_E_2111t_Toma_N2TODPBV_v3.xlsm
------
N2SHBMEV  SHBMEV
./02 Posted/01 Sent/2022/Yanomami Ninam_N2SHBMEV/CORE_Scr_E_2111v_Yanomami Ninam_N2SHBMEV_sh.xlsm
./02 Posted/01 Sent/2022/Yanomami Ninam_N2SHBMEV/CORE_Scr_E_2111v_Yanomami Ninam_N2SHBMEV.xlsm
------
O1BOMNBT  BOMNBT
./02 Posted/01 Sent/2023/Berom_O1BOMNBT (JOS - JOB)/CORE_Scr_E_2111v_Berom (JOS - JOB)_O1BOMNBT.xlsm
./02 Posted/01 Sent/2023/Berom_O1BOMNBT (Gen - Deu)/CORE_Scr_E_2111v_Berom_O1BOMNBT (Gen - Deu).xlsm
------
N2AEBWYI  AEBWYI
./02 Posted/01 Sent/2023/Arabic Tunisian_N2AEBWYI (Rescript)/CORE_Scr_E_2111v_Arabic Tunisian_N2AEBWYI.xlsm
------
N2GABWBT  GABWBT
./02 Posted/01 Sent/2023/Gabri Maja_N2GABWBT/CORE_Scr_E_2111v_Gabri Maja_N2GABWBT.xlsm
------
N2KBYWBT  KBYWBT
./02 Posted/01 Sent/2023/Kanuri, Manga_N2KBYWBT/CORE_Scr_E_2111v_Kanuri, Manga_N2KBYWBT.xlsm
------
O1NOGIBT  NOGIBT
./02 Posted/01 Sent/2023/Nogai_O1NOGIBT/CORE_Scr_E_2111v_Nogai_O1NOGIBT.xlsm
------
N1PORTHF  PORTHF
./02 Posted/01 Sent/2023/Portuguese_N1PORTHF (Training Script)/CORE_Scr_E_2111v_Portuguese_N1PORTHF.xlsm
------
N2WMSWBT  WMSWBT
./02 Posted/01 Sent/2023/Wambon_N2WMSWBT/CORE_Scr_E_2111v_Wambon_N2WMSWBT.xlsm
------
N2ENGESV  ENGESV
./04 Tools & Resources/06 Training Scripts/English (Training Script)_N2ENGESV/Context backup/Context_224_English (Training Script)_N2ENGESV_Ph 3.xlsm
./04 Tools & Resources/06 Training Scripts/English (Training Script)_N2ENGESV/Context backup/Context_224_English (Training Script)_N2ENGESV_Ph 2.xlsm
./04 Tools & Resources/06 Training Scripts/English (Training Script)_N2ENGESV/Context backup/Context_224_English (Training Script)_N2ENGESV_Ph 1.xlsm
./04 Tools & Resources/06 Training Scripts/English (Training Script)_N2ENGESV/Context_224_English (Training Script)_N2ENGESV.xlsm
